year,month,day,timestamp,status,cnDay,festival,is_sd,is_trading
2023,1,1,1672502400,1,日,,0,0
2023,1,2,1672588800,1,一,,0,0
2023,1,3,1672675200,0,二,,0,1
2023,1,4,1672761600,0,三,,0,1
2023,1,5,1672848000,0,四,,0,1
2023,1,6,1672934400,0,五,,0,1
2023,1,7,1673020800,0,六,,0,0
2023,1,8,1673107200,0,日,,0,0
2023,1,9,1673193600,0,一,,0,1
2023,1,10,1673280000,0,二,,0,1
2023,1,11,1673366400,0,三,,0,1
2023,1,12,1673452800,0,四,,0,1
2023,1,13,1673539200,0,五,,0,1
2023,1,14,1673625600,0,六,,0,0
2023,1,15,1673712000,0,日,,0,0
2023,1,16,1673798400,0,一,,0,1
2023,1,17,1673884800,0,二,,0,1
2023,1,18,1673971200,0,三,,0,1
2023,1,19,1674057600,0,四,,0,1
2023,1,20,1674144000,0,五,,0,1
2023,1,21,1674230400,1,六,,0,0
2023,1,22,1674316800,1,日,,0,0
2023,1,23,1674403200,1,一,,0,0
2023,1,24,1674489600,1,二,,0,0
2023,1,25,1674576000,1,三,,0,0
2023,1,26,1674662400,1,四,,0,0
2023,1,27,1674748800,1,五,,0,0
2023,1,28,1674835200,2,六,,0,0
2023,1,29,1674921600,2,日,,0,0
2023,1,30,1675008000,0,一,,0,1
2023,1,31,1675094400,0,二,,0,1
2023,2,1,1675180800,0,三,,0,1
2023,2,2,1675267200,0,四,,0,1
2023,2,3,1675353600,0,五,,0,1
2023,2,4,1675440000,0,六,,0,0
2023,2,5,1675526400,0,日,,0,0
2023,2,6,1675612800,0,一,,0,1
2023,2,7,1675699200,0,二,,0,1
2023,2,8,1675785600,0,三,,0,1
2023,2,9,1675872000,0,四,,0,1
2023,2,10,1675958400,0,五,,0,1
2023,2,11,1676044800,0,六,,0,0
2023,2,12,1676131200,0,日,,0,0
2023,2,13,1676217600,0,一,,0,1
2023,2,14,1676304000,0,二,,0,1
2023,2,15,1676390400,0,三,,0,1
2023,2,16,1676476800,0,四,,0,1
2023,2,17,1676563200,0,五,,0,1
2023,2,18,1676649600,0,六,,0,0
2023,2,19,1676736000,0,日,,0,0
2023,2,20,1676822400,0,一,,0,1
2023,2,21,1676908800,0,二,,0,1
2023,2,22,1676995200,0,三,,0,1
2023,2,23,1677081600,0,四,,0,1
2023,2,24,1677168000,0,五,,0,1
2023,2,25,1677254400,0,六,,0,0
2023,2,26,1677340800,0,日,,0,0
2023,2,27,1677427200,0,一,,0,1
2023,2,28,1677513600,0,二,,0,1
2023,3,1,1677600000,0,三,,0,1
2023,3,2,1677686400,0,四,,0,1
2023,3,3,1677772800,0,五,,0,1
2023,3,4,1677859200,0,六,,0,0
2023,3,5,1677945600,0,日,,0,0
2023,3,6,1678032000,0,一,,0,1
2023,3,7,1678118400,0,二,,0,1
2023,3,8,1678204800,0,三,,0,1
2023,3,9,1678291200,0,四,,0,1
2023,3,10,1678377600,0,五,,0,1
2023,3,11,1678464000,0,六,,0,0
2023,3,12,1678550400,0,日,,0,0
2023,3,13,1678636800,0,一,,0,1
2023,3,14,1678723200,0,二,,0,1
2023,3,15,1678809600,0,三,,0,1
2023,3,16,1678896000,0,四,,0,1
2023,3,17,1678982400,0,五,,0,1
2023,3,18,1679068800,0,六,,0,0
2023,3,19,1679155200,0,日,,0,0
2023,3,20,1679241600,0,一,,0,1
2023,3,21,1679328000,0,二,,0,1
2023,3,22,1679414400,0,三,,0,1
2023,3,23,1679500800,0,四,,0,1
2023,3,24,1679587200,0,五,,0,1
2023,3,25,1679673600,0,六,,0,0
2023,3,26,1679760000,0,日,,0,0
2023,3,27,1679846400,0,一,,0,1
2023,3,28,1679932800,0,二,,0,1
2023,3,29,1680019200,0,三,,0,1
2023,3,30,1680105600,0,四,,0,1
2023,3,31,1680192000,0,五,,0,1
2023,4,1,1680278400,0,六,,0,0
2023,4,2,1680364800,0,日,,0,0
2023,4,3,1680451200,0,一,,0,1
2023,4,4,1680537600,0,二,,0,1
2023,4,5,1680624000,1,三,,0,0
2023,4,6,1680710400,0,四,,0,1
2023,4,7,1680796800,0,五,,0,1
2023,4,8,1680883200,0,六,,0,0
2023,4,9,1680969600,0,日,,0,0
2023,4,10,1681056000,0,一,,0,1
2023,4,11,1681142400,0,二,,0,1
2023,4,12,1681228800,0,三,,0,1
2023,4,13,1681315200,0,四,,0,1
2023,4,14,1681401600,0,五,,0,1
2023,4,15,1681488000,0,六,,0,0
2023,4,16,1681574400,0,日,,0,0
2023,4,17,1681660800,0,一,,0,1
2023,4,18,1681747200,0,二,,0,1
2023,4,19,1681833600,0,三,,0,1
2023,4,20,1681920000,0,四,,0,1
2023,4,21,1682006400,0,五,,0,1
2023,4,22,1682092800,0,六,,0,0
2023,4,23,1682179200,2,日,,0,0
2023,4,24,1682265600,0,一,,0,1
2023,4,25,1682352000,0,二,,0,1
2023,4,26,1682438400,0,三,,0,1
2023,4,27,1682524800,0,四,,0,1
2023,4,28,1682611200,0,五,,0,1
2023,4,29,1682697600,1,六,,0,0
2023,4,30,1682784000,1,日,,0,0
2023,5,1,1682870400,1,一,,0,0
2023,5,2,1682956800,1,二,,0,0
2023,5,3,1683043200,1,三,,0,0
2023,5,4,1683129600,0,四,,0,1
2023,5,5,1683216000,0,五,,0,1
2023,5,6,1683302400,2,六,,0,0
2023,5,7,1683388800,0,日,,0,0
2023,5,8,1683475200,0,一,,0,1
2023,5,9,1683561600,0,二,,0,1
2023,5,10,1683648000,0,三,,0,1
2023,5,11,1683734400,0,四,,0,1
2023,5,12,1683820800,0,五,,0,1
2023,5,13,1683907200,0,六,,0,0
2023,5,14,1683993600,0,日,,0,0
2023,5,15,1684080000,0,一,,0,1
2023,5,16,1684166400,0,二,,0,1
2023,5,17,1684252800,0,三,,0,1
2023,5,18,1684339200,0,四,,0,1
2023,5,19,1684425600,0,五,,0,1
2023,5,20,1684512000,0,六,,0,0
2023,5,21,1684598400,0,日,,0,0
2023,5,22,1684684800,0,一,,0,1
2023,5,23,1684771200,0,二,,0,1
2023,5,24,1684857600,0,三,,0,1
2023,5,25,1684944000,0,四,,0,1
2023,5,26,1685030400,0,五,,0,1
2023,5,27,1685116800,0,六,,0,0
2023,5,28,1685203200,0,日,,0,0
2023,5,29,1685289600,0,一,,0,1
2023,5,30,1685376000,0,二,,0,1
2023,5,31,1685462400,0,三,,0,1
2023,6,1,1685548800,0,四,,0,1
2023,6,2,1685635200,0,五,,0,1
2023,6,3,1685721600,0,六,,0,0
2023,6,4,1685808000,0,日,,0,0
2023,6,5,1685894400,0,一,,0,1
2023,6,6,1685980800,0,二,,0,1
2023,6,7,1686067200,0,三,,0,1
2023,6,8,1686153600,0,四,,0,1
2023,6,9,1686240000,0,五,,0,1
2023,6,10,1686326400,0,六,,0,0
2023,6,11,1686412800,0,日,,0,0
2023,6,12,1686499200,0,一,,0,1
2023,6,13,1686585600,0,二,,0,1
2023,6,14,1686672000,0,三,,0,1
2023,6,15,1686758400,0,四,,0,1
2023,6,16,1686844800,0,五,,0,1
2023,6,17,1686931200,0,六,,0,0
2023,6,18,1687017600,0,日,,0,0
2023,6,19,1687104000,0,一,,0,1
2023,6,20,1687190400,0,二,,0,1
2023,6,21,1687276800,0,三,,0,1
2023,6,22,1687363200,1,四,,0,0
2023,6,23,1687449600,1,五,,0,0
2023,6,24,1687536000,1,六,,0,0
2023,6,25,1687622400,2,日,,0,0
2023,6,26,1687708800,0,一,,0,1
2023,6,27,1687795200,0,二,,0,1
2023,6,28,1687881600,0,三,,0,1
2023,6,29,1687968000,0,四,,0,1
2023,6,30,1688054400,0,五,,0,1
2023,7,1,1688140800,0,六,,0,0
2023,7,2,1688227200,0,日,,0,0
2023,7,3,1688313600,0,一,,0,1
2023,7,4,1688400000,0,二,,0,1
2023,7,5,1688486400,0,三,,0,1
2023,7,6,1688572800,0,四,,0,1
2023,7,7,1688659200,0,五,,0,1
2023,7,8,1688745600,0,六,,0,0
2023,7,9,1688832000,0,日,,0,0
2023,7,10,1688918400,0,一,,0,1
2023,7,11,1689004800,0,二,,0,1
2023,7,12,1689091200,0,三,,0,1
2023,7,13,1689177600,0,四,,0,1
2023,7,14,1689264000,0,五,,0,1
2023,7,15,1689350400,0,六,,0,0
2023,7,16,1689436800,0,日,,0,0
2023,7,17,1689523200,0,一,,0,1
2023,7,18,1689609600,0,二,,0,1
2023,7,19,1689696000,0,三,,0,1
2023,7,20,1689782400,0,四,,0,1
2023,7,21,1689868800,0,五,,0,1
2023,7,22,1689955200,0,六,,0,0
2023,7,23,1690041600,0,日,,0,0
2023,7,24,1690128000,0,一,,0,1
2023,7,25,1690214400,0,二,,0,1
2023,7,26,1690300800,0,三,,0,1
2023,7,27,1690387200,0,四,,0,1
2023,7,28,1690473600,0,五,,0,1
2023,7,29,1690560000,0,六,,0,0
2023,7,30,1690646400,0,日,,0,0
2023,7,31,1690732800,0,一,,0,1
2023,8,1,1690819200,0,二,,0,1
2023,8,2,1690905600,0,三,,0,1
2023,8,3,1690992000,0,四,,0,1
2023,8,4,1691078400,0,五,,0,1
2023,8,5,1691164800,0,六,,0,0
2023,8,6,1691251200,0,日,,0,0
2023,8,7,1691337600,0,一,,0,1
2023,8,8,1691424000,0,二,,0,1
2023,8,9,1691510400,0,三,,0,1
2023,8,10,1691596800,0,四,,0,1
2023,8,11,1691683200,0,五,,0,1
2023,8,12,1691769600,0,六,,0,0
2023,8,13,1691856000,0,日,,0,0
2023,8,14,1691942400,0,一,,0,1
2023,8,15,1692028800,0,二,,0,1
2023,8,16,1692115200,0,三,,0,1
2023,8,17,1692201600,0,四,,0,1
2023,8,18,1692288000,0,五,,0,1
2023,8,19,1692374400,0,六,,0,0
2023,8,20,1692460800,0,日,,0,0
2023,8,21,1692547200,0,一,,0,1
2023,8,22,1692633600,0,二,,0,1
2023,8,23,1692720000,0,三,,0,1
2023,8,24,1692806400,0,四,,0,1
2023,8,25,1692892800,0,五,,0,1
2023,8,26,1692979200,0,六,,0,0
2023,8,27,1693065600,0,日,,0,0
2023,8,28,1693152000,0,一,,0,1
2023,8,29,1693238400,0,二,,0,1
2023,8,30,1693324800,0,三,,0,1
2023,8,31,1693411200,0,四,,0,1
2023,9,1,1693497600,0,五,,0,1
2023,9,2,1693584000,0,六,,0,0
2023,9,3,1693670400,0,日,,0,0
2023,9,4,1693756800,0,一,,0,1
2023,9,5,1693843200,0,二,,0,1
2023,9,6,1693929600,0,三,,0,1
2023,9,7,1694016000,0,四,,0,1
2023,9,8,1694102400,0,五,,0,1
2023,9,9,1694188800,0,六,,0,0
2023,9,10,1694275200,0,日,,0,0
2023,9,11,1694361600,0,一,,0,1
2023,9,12,1694448000,0,二,,0,1
2023,9,13,1694534400,0,三,,0,1
2023,9,14,1694620800,0,四,,0,1
2023,9,15,1694707200,0,五,,0,1
2023,9,16,1694793600,0,六,,0,0
2023,9,17,1694880000,0,日,,0,0
2023,9,18,1694966400,0,一,,0,1
2023,9,19,1695052800,0,二,,0,1
2023,9,20,1695139200,0,三,,0,1
2023,9,21,1695225600,0,四,,0,1
2023,9,22,1695312000,0,五,,0,1
2023,9,23,1695398400,0,六,,0,0
2023,9,24,1695484800,0,日,,0,0
2023,9,25,1695571200,0,一,,0,1
2023,9,26,1695657600,0,二,,0,1
2023,9,27,1695744000,0,三,,0,1
2023,9,28,1695830400,0,四,,0,1
2023,9,29,1695916800,1,五,,0,0
2023,9,30,1696003200,1,六,,0,0
2023,10,1,1696089600,1,日,,0,0
2023,10,2,1696176000,1,一,,0,0
2023,10,3,1696262400,1,二,,0,0
2023,10,4,1696348800,1,三,,0,0
2023,10,5,1696435200,1,四,,0,0
2023,10,6,1696521600,1,五,,0,0
2023,10,7,1696608000,2,六,,0,0
2023,10,8,1696694400,2,日,,0,0
2023,10,9,1696780800,0,一,,0,1
2023,10,10,1696867200,0,二,,0,1
2023,10,11,1696953600,0,三,,0,1
2023,10,12,1697040000,0,四,,0,1
2023,10,13,1697126400,0,五,,0,1
2023,10,14,1697212800,0,六,,0,0
2023,10,15,1697299200,0,日,,0,0
2023,10,16,1697385600,0,一,,0,1
2023,10,17,1697472000,0,二,,0,1
2023,10,18,1697558400,0,三,,0,1
2023,10,19,1697644800,0,四,,0,1
2023,10,20,1697731200,0,五,,0,1
2023,10,21,1697817600,0,六,,0,0
2023,10,22,1697904000,0,日,,0,0
2023,10,23,1697990400,0,一,,0,1
2023,10,24,1698076800,0,二,,0,1
2023,10,25,1698163200,0,三,,0,1
2023,10,26,1698249600,0,四,,0,1
2023,10,27,1698336000,0,五,,0,1
2023,10,28,1698422400,0,六,,0,0
2023,10,29,1698508800,0,日,,0,0
2023,10,30,1698595200,0,一,,0,1
2023,10,31,1698681600,0,二,,0,1
2023,11,1,1698768000,0,三,,0,1
2023,11,2,1698854400,0,四,,0,1
2023,11,3,1698940800,0,五,,0,1
2023,11,4,1699027200,0,六,,0,0
2023,11,5,1699113600,0,日,,0,0
2023,11,6,1699200000,0,一,,0,1
2023,11,7,1699286400,0,二,,0,1
2023,11,8,1699372800,0,三,,0,1
2023,11,9,1699459200,0,四,,0,1
2023,11,10,1699545600,0,五,,0,1
2023,11,11,1699632000,0,六,,0,0
2023,11,12,1699718400,0,日,,0,0
2023,11,13,1699804800,0,一,,0,1
2023,11,14,1699891200,0,二,,0,1
2023,11,15,1699977600,0,三,,0,1
2023,11,16,1700064000,0,四,,0,1
2023,11,17,1700150400,0,五,,0,1
2023,11,18,1700236800,0,六,,0,0
2023,11,19,1700323200,0,日,,0,0
2023,11,20,1700409600,0,一,,0,1
2023,11,21,1700496000,0,二,,0,1
2023,11,22,1700582400,0,三,,0,1
2023,11,23,1700668800,0,四,,0,1
2023,11,24,1700755200,0,五,,0,1
2023,11,25,1700841600,0,六,,0,0
2023,11,26,1700928000,0,日,,0,0
2023,11,27,1701014400,0,一,,0,1
2023,11,28,1701100800,0,二,,0,1
2023,11,29,1701187200,0,三,,0,1
2023,11,30,1701273600,0,四,,0,1
2023,12,1,1701360000,0,五,,0,1
2023,12,2,1701446400,0,六,,0,0
2023,12,3,1701532800,0,日,,0,0
2023,12,4,1701619200,0,一,,0,1
2023,12,5,1701705600,0,二,,0,1
2023,12,6,1701792000,0,三,,0,1
2023,12,7,1701878400,0,四,,0,1
2023,12,8,1701964800,0,五,,0,1
2023,12,9,1702051200,0,六,,0,0
2023,12,10,1702137600,0,日,,0,0
2023,12,11,1702224000,0,一,,0,1
2023,12,12,1702310400,0,二,,0,1
2023,12,13,1702396800,0,三,,0,1
2023,12,14,1702483200,0,四,,0,1
2023,12,15,1702569600,0,五,,0,1
2023,12,16,1702656000,0,六,,0,0
2023,12,17,1702742400,0,日,,0,0
2023,12,18,1702828800,0,一,,0,1
2023,12,19,1702915200,0,二,,0,1
2023,12,20,1703001600,0,三,,0,1
2023,12,21,1703088000,0,四,,0,1
2023,12,22,1703174400,0,五,,0,1
2023,12,23,1703260800,0,六,,0,0
2023,12,24,1703347200,0,日,,0,0
2023,12,25,1703433600,0,一,,0,1
2023,12,26,1703520000,0,二,,0,1
2023,12,27,1703606400,0,三,,0,1
2023,12,28,1703692800,0,四,,0,1
2023,12,29,1703779200,0,五,,0,1
2023,12,30,1703865600,1,六,,0,0
2023,12,31,1703952000,1,日,,0,0
2024,1,1,1704038400,1,一,,0,0
2024,1,2,1704124800,0,二,,0,1
2024,1,3,1704211200,0,三,,0,1
2024,1,4,1704297600,0,四,,0,1
2024,1,5,1704384000,0,五,,0,1
2024,1,6,1704470400,0,六,,0,0
2024,1,7,1704556800,0,日,,0,0
2024,1,8,1704643200,0,一,,0,1
2024,1,9,1704729600,0,二,,0,1
2024,1,10,1704816000,0,三,,0,1
2024,1,11,1704902400,0,四,,0,1
2024,1,12,1704988800,0,五,,0,1
2024,1,13,1705075200,0,六,,0,0
2024,1,14,1705161600,0,日,,0,0
2024,1,15,1705248000,0,一,,0,1
2024,1,16,1705334400,0,二,,0,1
2024,1,17,1705420800,0,三,,0,1
2024,1,18,1705507200,0,四,,0,1
2024,1,19,1705593600,0,五,,0,1
2024,1,20,1705680000,0,六,,0,0
2024,1,21,1705766400,0,日,,0,0
2024,1,22,1705852800,0,一,,0,1
2024,1,23,1705939200,0,二,,0,1
2024,1,24,1706025600,0,三,,0,1
2024,1,25,1706112000,0,四,,0,1
2024,1,26,1706198400,0,五,,0,1
2024,1,27,1706284800,0,六,,0,0
2024,1,28,1706371200,0,日,,0,0
2024,1,29,1706457600,0,一,,0,1
2024,1,30,1706544000,0,二,,0,1
2024,1,31,1706630400,0,三,,0,1
2024,2,1,1706716800,0,四,,0,1
2024,2,2,1706803200,0,五,,0,1
2024,2,3,1706889600,0,六,,0,0
2024,2,4,1706976000,2,日,,0,0
2024,2,5,1707062400,0,一,,0,1
2024,2,6,1707148800,0,二,,0,1
2024,2,7,1707235200,0,三,,0,1
2024,2,8,1707321600,0,四,,0,1
2024,2,9,1707408000,0,五,,0,1
2024,2,10,1707494400,1,六,,0,0
2024,2,11,1707580800,1,日,,0,0
2024,2,12,1707667200,1,一,,0,0
2024,2,13,1707753600,1,二,,0,0
2024,2,14,1707840000,1,三,,0,0
2024,2,15,1707926400,1,四,,0,0
2024,2,16,1708012800,1,五,,0,0
2024,2,17,1708099200,1,六,,0,0
2024,2,18,1708185600,2,日,,0,0
2024,2,19,1708272000,0,一,,0,1
2024,2,20,1708358400,0,二,,0,1
2024,2,21,1708444800,0,三,,0,1
2024,2,22,1708531200,0,四,,0,1
2024,2,23,1708617600,0,五,,0,1
2024,2,24,1708704000,0,六,,0,0
2024,2,25,1708790400,0,日,,0,0
2024,2,26,1708876800,0,一,,0,1
2024,2,27,1708963200,0,二,,0,1
2024,2,28,1709049600,0,三,,0,1
2024,2,29,1709136000,0,四,,0,1
2024,3,1,1709222400,0,五,,0,1
2024,3,2,1709308800,0,六,,0,0
2024,3,3,1709395200,0,日,,0,0
2024,3,4,1709481600,0,一,,0,1
2024,3,5,1709568000,0,二,,0,1
2024,3,6,1709654400,0,三,,0,1
2024,3,7,1709740800,0,四,,0,1
2024,3,8,1709827200,0,五,,0,1
2024,3,9,1709913600,0,六,,0,0
2024,3,10,1710000000,0,日,,0,0
2024,3,11,1710086400,0,一,,0,1
2024,3,12,1710172800,0,二,,0,1
2024,3,13,1710259200,0,三,,0,1
2024,3,14,1710345600,0,四,,0,1
2024,3,15,1710432000,0,五,,0,1
2024,3,16,1710518400,0,六,,0,0
2024,3,17,1710604800,0,日,,0,0
2024,3,18,1710691200,0,一,,0,1
2024,3,19,1710777600,0,二,,0,1
2024,3,20,1710864000,0,三,,0,1
2024,3,21,1710950400,0,四,,0,1
2024,3,22,1711036800,0,五,,0,1
2024,3,23,1711123200,0,六,,0,0
2024,3,24,1711209600,0,日,,0,0
2024,3,25,1711296000,0,一,,0,1
2024,3,26,1711382400,0,二,,0,1
2024,3,27,1711468800,0,三,,0,1
2024,3,28,1711555200,0,四,,0,1
2024,3,29,1711641600,0,五,,0,1
2024,3,30,1711728000,0,六,,0,0
2024,3,31,1711814400,0,日,,0,0
2024,4,1,1711900800,0,一,,0,1
2024,4,2,1711987200,0,二,,0,1
2024,4,3,1712073600,0,三,,0,1
2024,4,4,1712160000,1,四,,0,0
2024,4,5,1712246400,1,五,,0,0
2024,4,6,1712332800,1,六,,0,0
2024,4,7,1712419200,2,日,,0,0
2024,4,8,1712505600,0,一,,0,1
2024,4,9,1712592000,0,二,,0,1
2024,4,10,1712678400,0,三,,0,1
2024,4,11,1712764800,0,四,,0,1
2024,4,12,1712851200,0,五,,0,1
2024,4,13,1712937600,0,六,,0,0
2024,4,14,1713024000,0,日,,0,0
2024,4,15,1713110400,0,一,,0,1
2024,4,16,1713196800,0,二,,0,1
2024,4,17,1713283200,0,三,,0,1
2024,4,18,1713369600,0,四,,0,1
2024,4,19,1713456000,0,五,,0,1
2024,4,20,1713542400,0,六,,0,0
2024,4,21,1713628800,0,日,,0,0
2024,4,22,1713715200,0,一,,0,1
2024,4,23,1713801600,0,二,,0,1
2024,4,24,1713888000,0,三,,0,1
2024,4,25,1713974400,0,四,,0,1
2024,4,26,1714060800,0,五,,0,1
2024,4,27,1714147200,0,六,,0,0
2024,4,28,1714233600,2,日,,0,0
2024,4,29,1714320000,0,一,,0,1
2024,4,30,1714406400,0,二,,0,1
2024,5,1,1714492800,1,三,,0,0
2024,5,2,1714579200,1,四,,0,0
2024,5,3,1714665600,1,五,,0,0
2024,5,4,1714752000,1,六,,0,0
2024,5,5,1714838400,1,日,,0,0
2024,5,6,1714924800,0,一,,0,1
2024,5,7,1715011200,0,二,,0,1
2024,5,8,1715097600,0,三,,0,1
2024,5,9,1715184000,0,四,,0,1
2024,5,10,1715270400,0,五,,0,1
2024,5,11,1715356800,2,六,,0,0
2024,5,12,1715443200,0,日,,0,0
2024,5,13,1715529600,0,一,,0,1
2024,5,14,1715616000,0,二,,0,1
2024,5,15,1715702400,0,三,,0,1
2024,5,16,1715788800,0,四,,0,1
2024,5,17,1715875200,0,五,,0,1
2024,5,18,1715961600,0,六,,0,0
2024,5,19,1716048000,0,日,,0,0
2024,5,20,1716134400,0,一,,0,1
2024,5,21,1716220800,0,二,,0,1
2024,5,22,1716307200,0,三,,0,1
2024,5,23,1716393600,0,四,,0,1
2024,5,24,1716480000,0,五,,0,1
2024,5,25,1716566400,0,六,,0,0
2024,5,26,1716652800,0,日,,0,0
2024,5,27,1716739200,0,一,,0,1
2024,5,28,1716825600,0,二,,0,1
2024,5,29,1716912000,0,三,,0,1
2024,5,30,1716998400,0,四,,0,1
2024,5,31,1717084800,0,五,,0,1
2024,6,1,1717171200,0,六,,0,0
2024,6,2,1717257600,0,日,,0,0
2024,6,3,1717344000,0,一,,0,1
2024,6,4,1717430400,0,二,,0,1
2024,6,5,1717516800,0,三,,0,1
2024,6,6,1717603200,0,四,,0,1
2024,6,7,1717689600,0,五,,0,1
2024,6,8,1717776000,1,六,,0,0
2024,6,9,1717862400,1,日,,0,0
2024,6,10,1717948800,1,一,,0,0
2024,6,11,1718035200,0,二,,0,1
2024,6,12,1718121600,0,三,,0,1
2024,6,13,1718208000,0,四,,0,1
2024,6,14,1718294400,0,五,,0,1
2024,6,15,1718380800,0,六,,0,0
2024,6,16,1718467200,0,日,,0,0
2024,6,17,1718553600,0,一,,0,1
2024,6,18,1718640000,0,二,,0,1
2024,6,19,1718726400,0,三,,0,1
2024,6,20,1718812800,0,四,,0,1
2024,6,21,1718899200,0,五,,0,1
2024,6,22,1718985600,0,六,,0,0
2024,6,23,1719072000,0,日,,0,0
2024,6,24,1719158400,0,一,,0,1
2024,6,25,1719244800,0,二,,0,1
2024,6,26,1719331200,0,三,,0,1
2024,6,27,1719417600,0,四,,0,1
2024,6,28,1719504000,0,五,,0,1
2024,6,29,1719590400,0,六,,0,0
2024,6,30,1719676800,0,日,,0,0
2024,7,1,1719763200,0,一,,0,1
2024,7,2,1719849600,0,二,,0,1
2024,7,3,1719936000,0,三,,0,1
2024,7,4,1720022400,0,四,,0,1
2024,7,5,1720108800,0,五,,0,1
2024,7,6,1720195200,0,六,,0,0
2024,7,7,1720281600,0,日,,0,0
2024,7,8,1720368000,0,一,,0,1
2024,7,9,1720454400,0,二,,0,1
2024,7,10,1720540800,0,三,,0,1
2024,7,11,1720627200,0,四,,0,1
2024,7,12,1720713600,0,五,,0,1
2024,7,13,1720800000,0,六,,0,0
2024,7,14,1720886400,0,日,,0,0
2024,7,15,1720972800,0,一,,0,1
2024,7,16,1721059200,0,二,,0,1
2024,7,17,1721145600,0,三,,0,1
2024,7,18,1721232000,0,四,,0,1
2024,7,19,1721318400,0,五,,0,1
2024,7,20,1721404800,0,六,,0,0
2024,7,21,1721491200,0,日,,0,0
2024,7,22,1721577600,0,一,,0,1
2024,7,23,1721664000,0,二,,0,1
2024,7,24,1721750400,0,三,,0,1
2024,7,25,1721836800,0,四,,0,1
2024,7,26,1721923200,0,五,,0,1
2024,7,27,1722009600,0,六,,0,0
2024,7,28,1722096000,0,日,,0,0
2024,7,29,1722182400,0,一,,0,1
2024,7,30,1722268800,0,二,,0,1
2024,7,31,1722355200,0,三,,0,1
2024,8,1,1722441600,0,四,,0,1
2024,8,2,1722528000,0,五,,0,1
2024,8,3,1722614400,0,六,,0,0
2024,8,4,1722700800,0,日,,0,0
2024,8,5,1722787200,0,一,,0,1
2024,8,6,1722873600,0,二,,0,1
2024,8,7,1722960000,0,三,,0,1
2024,8,8,1723046400,0,四,,0,1
2024,8,9,1723132800,0,五,,0,1
2024,8,10,1723219200,0,六,,0,0
2024,8,11,1723305600,0,日,,0,0
2024,8,12,1723392000,0,一,,0,1
2024,8,13,1723478400,0,二,,0,1
2024,8,14,1723564800,0,三,,0,1
2024,8,15,1723651200,0,四,,0,1
2024,8,16,1723737600,0,五,,0,1
2024,8,17,1723824000,0,六,,0,0
2024,8,18,1723910400,0,日,,0,0
2024,8,19,1723996800,0,一,,0,1
2024,8,20,1724083200,0,二,,0,1
2024,8,21,1724169600,0,三,,0,1
2024,8,22,1724256000,0,四,,0,1
2024,8,23,1724342400,0,五,,0,1
2024,8,24,1724428800,0,六,,0,0
2024,8,25,1724515200,0,日,,0,0
2024,8,26,1724601600,0,一,,0,1
2024,8,27,1724688000,0,二,,0,1
2024,8,28,1724774400,0,三,,0,1
2024,8,29,1724860800,0,四,,0,1
2024,8,30,1724947200,0,五,,0,1
2024,8,31,1725033600,0,六,,0,0
2024,9,1,1725120000,0,日,,0,0
2024,9,2,1725206400,0,一,,0,1
2024,9,3,1725292800,0,二,,0,1
2024,9,4,1725379200,0,三,,0,1
2024,9,5,1725465600,0,四,,0,1
2024,9,6,1725552000,0,五,,0,1
2024,9,7,1725638400,0,六,,0,0
2024,9,8,1725724800,0,日,,0,0
2024,9,9,1725811200,0,一,,0,1
2024,9,10,1725897600,0,二,,0,1
2024,9,11,1725984000,0,三,,0,1
2024,9,12,1726070400,0,四,,0,1
2024,9,13,1726156800,0,五,,0,1
2024,9,14,1726243200,2,六,,0,0
2024,9,15,1726329600,1,日,,0,0
2024,9,16,1726416000,1,一,,0,0
2024,9,17,1726502400,1,二,,0,0
2024,9,18,1726588800,0,三,,0,1
2024,9,19,1726675200,0,四,,0,1
2024,9,20,1726761600,0,五,,0,1
2024,9,21,1726848000,0,六,,0,0
2024,9,22,1726934400,0,日,,0,0
2024,9,23,1727020800,0,一,,0,1
2024,9,24,1727107200,0,二,,0,1
2024,9,25,1727193600,0,三,,0,1
2024,9,26,1727280000,0,四,,0,1
2024,9,27,1727366400,0,五,,0,1
2024,9,28,1727452800,0,六,,0,0
2024,9,29,1727539200,2,日,,0,0
2024,9,30,1727625600,0,一,,0,1
2024,10,1,1727712000,1,二,,0,0
2024,10,2,1727798400,1,三,,0,0
2024,10,3,1727884800,1,四,,0,0
2024,10,4,1727971200,1,五,,0,0
2024,10,5,1728057600,1,六,,0,0
2024,10,6,1728144000,1,日,,0,0
2024,10,7,1728230400,1,一,,0,0
2024,10,8,1728316800,0,二,,0,1
2024,10,9,1728403200,0,三,,0,1
2024,10,10,1728489600,0,四,,0,1
2024,10,11,1728576000,0,五,,0,1
2024,10,12,1728662400,2,六,,0,0
2024,10,13,1728748800,0,日,,0,0
2024,10,14,1728835200,0,一,,0,1
2024,10,15,1728921600,0,二,,0,1
2024,10,16,1729008000,0,三,,0,1
2024,10,17,1729094400,0,四,,0,1
2024,10,18,1729180800,0,五,,0,1
2024,10,19,1729267200,0,六,,0,0
2024,10,20,1729353600,0,日,,0,0
2024,10,21,1729440000,0,一,,0,1
2024,10,22,1729526400,0,二,,0,1
2024,10,23,1729612800,0,三,,0,1
2024,10,24,1729699200,0,四,,0,1
2024,10,25,1729785600,0,五,,0,1
2024,10,26,1729872000,0,六,,0,0
2024,10,27,1729958400,0,日,,0,0
2024,10,28,1730044800,0,一,,0,1
2024,10,29,1730131200,0,二,,0,1
2024,10,30,1730217600,0,三,,0,1
2024,10,31,1730304000,0,四,,0,1
2024,11,1,1730390400,0,五,,0,1
2024,11,2,1730476800,0,六,,0,0
2024,11,3,1730563200,0,日,,0,0
2024,11,4,1730649600,0,一,,0,1
2024,11,5,1730736000,0,二,,0,1
2024,11,6,1730822400,0,三,,0,1
2024,11,7,1730908800,0,四,,0,1
2024,11,8,1730995200,0,五,,0,1
2024,11,9,1731081600,0,六,,0,0
2024,11,10,1731168000,0,日,,0,0
2024,11,11,1731254400,0,一,,0,1
2024,11,12,1731340800,0,二,,0,1
2024,11,13,1731427200,0,三,,0,1
2024,11,14,1731513600,0,四,,0,1
2024,11,15,1731600000,0,五,,0,1
2024,11,16,1731686400,0,六,,0,0
2024,11,17,1731772800,0,日,,0,0
2024,11,18,1731859200,0,一,,0,1
2024,11,19,1731945600,0,二,,0,1
2024,11,20,1732032000,0,三,,0,1
2024,11,21,1732118400,0,四,,0,1
2024,11,22,1732204800,0,五,,0,1
2024,11,23,1732291200,0,六,,0,0
2024,11,24,1732377600,0,日,,0,0
2024,11,25,1732464000,0,一,,0,1
2024,11,26,1732550400,0,二,,0,1
2024,11,27,1732636800,0,三,,0,1
2024,11,28,1732723200,0,四,,0,1
2024,11,29,1732809600,0,五,,0,1
2024,11,30,1732896000,0,六,,0,0
2024,12,1,1732982400,0,日,,0,0
2024,12,2,1733068800,0,一,,0,1
2024,12,3,1733155200,0,二,,0,1
2024,12,4,1733241600,0,三,,0,1
2024,12,5,1733328000,0,四,,0,1
2024,12,6,1733414400,0,五,,0,1
2024,12,7,1733500800,0,六,,0,0
2024,12,8,1733587200,0,日,,0,0
2024,12,9,1733673600,0,一,,0,1
2024,12,10,1733760000,0,二,,0,1
2024,12,11,1733846400,0,三,,0,1
2024,12,12,1733932800,0,四,,0,1
2024,12,13,1734019200,0,五,,0,1
2024,12,14,1734105600,0,六,,0,0
2024,12,15,1734192000,0,日,,0,0
2024,12,16,1734278400,0,一,,0,1
2024,12,17,1734364800,0,二,,0,1
2024,12,18,1734451200,0,三,,0,1
2024,12,19,1734537600,0,四,,0,1
2024,12,20,1734624000,0,五,,0,1
2024,12,21,1734710400,0,六,,0,0
2024,12,22,1734796800,0,日,,0,0
2024,12,23,1734883200,0,一,,0,1
2024,12,24,1734969600,0,二,,0,1
2024,12,25,1735056000,0,三,,0,1
2024,12,26,1735142400,0,四,,0,1
2024,12,27,1735228800,0,五,,0,1
2024,12,28,1735315200,0,六,,0,0
2024,12,29,1735401600,0,日,,0,0
2024,12,30,1735488000,0,一,,0,1
2024,12,31,1735574400,0,二,,0,1
2025,1,1,1735660800,1,三,,0,0
2025,1,2,1735747200,0,四,,0,1
2025,1,3,1735833600,0,五,,0,1
2025,1,4,1735920000,0,六,,0,0
2025,1,5,1736006400,0,日,,0,0
2025,1,6,1736092800,0,一,,0,1
2025,1,7,1736179200,0,二,,0,1
2025,1,8,1736265600,0,三,,0,1
2025,1,9,1736352000,0,四,,0,1
2025,1,10,1736438400,0,五,,0,1
2025,1,11,1736524800,0,六,,0,0
2025,1,12,1736611200,0,日,,0,0
2025,1,13,1736697600,0,一,,0,1
2025,1,14,1736784000,0,二,,0,1
2025,1,15,1736870400,0,三,,0,1
2025,1,16,1736956800,0,四,,0,1
2025,1,17,1737043200,0,五,,0,1
2025,1,18,1737129600,0,六,,0,0
2025,1,19,1737216000,0,日,,0,0
2025,1,20,1737302400,0,一,,0,1
2025,1,21,1737388800,0,二,,0,1
2025,1,22,1737475200,0,三,,0,1
2025,1,23,1737561600,0,四,,0,1
2025,1,24,1737648000,0,五,,0,1
2025,1,25,1737734400,0,六,,0,0
2025,1,26,1737820800,2,日,,0,0
2025,1,27,1737907200,0,一,,0,1
2025,1,28,1737993600,1,二,,0,0
2025,1,29,1738080000,1,三,,0,0
2025,1,30,1738166400,1,四,,0,0
2025,1,31,1738252800,1,五,,0,0
2025,2,1,1738339200,1,六,,0,0
2025,2,2,1738425600,1,日,,0,0
2025,2,3,1738512000,1,一,,0,0
2025,2,4,1738598400,1,二,,0,0
2025,2,5,1738684800,0,三,,0,1
2025,2,6,1738771200,0,四,,0,1
2025,2,7,1738857600,0,五,,0,1
2025,2,8,1738944000,2,六,,0,0
2025,2,9,1739030400,0,日,,0,0
2025,2,10,1739116800,0,一,,0,1
2025,2,11,1739203200,0,二,,0,1
2025,2,12,1739289600,0,三,,0,1
2025,2,13,1739376000,0,四,,0,1
2025,2,14,1739462400,0,五,,0,1
2025,2,15,1739548800,0,六,,0,0
2025,2,16,1739635200,0,日,,0,0
2025,2,17,1739721600,0,一,,0,1
2025,2,18,1739808000,0,二,,0,1
2025,2,19,1739894400,0,三,,0,1
2025,2,20,1739980800,0,四,,0,1
2025,2,21,1740067200,0,五,,0,1
2025,2,22,1740153600,0,六,,0,0
2025,2,23,1740240000,0,日,,0,0
2025,2,24,1740326400,0,一,,0,1
2025,2,25,1740412800,0,二,,0,1
2025,2,26,1740499200,0,三,,0,1
2025,2,27,1740585600,0,四,,0,1
2025,2,28,1740672000,0,五,,0,1
2025,3,1,1740758400,0,六,,0,0
2025,3,2,1740844800,0,日,,0,0
2025,3,3,1740931200,0,一,,0,1
2025,3,4,1741017600,0,二,,0,1
2025,3,5,1741104000,0,三,,0,1
2025,3,6,1741190400,0,四,,0,1
2025,3,7,1741276800,0,五,,0,1
2025,3,8,1741363200,0,六,,0,0
2025,3,9,1741449600,0,日,,0,0
2025,3,10,1741536000,0,一,,0,1
2025,3,11,1741622400,0,二,,0,1
2025,3,12,1741708800,0,三,,0,1
2025,3,13,1741795200,0,四,,0,1
2025,3,14,1741881600,0,五,,0,1
2025,3,15,1741968000,0,六,,0,0
2025,3,16,1742054400,0,日,,0,0
2025,3,17,1742140800,0,一,,0,1
2025,3,18,1742227200,0,二,,0,1
2025,3,19,1742313600,0,三,,0,1
2025,3,20,1742400000,0,四,,0,1
2025,3,21,1742486400,0,五,,0,1
2025,3,22,1742572800,0,六,,0,0
2025,3,23,1742659200,0,日,,0,0
2025,3,24,1742745600,0,一,,0,1
2025,3,25,1742832000,0,二,,0,1
2025,3,26,1742918400,0,三,,0,1
2025,3,27,1743004800,0,四,,0,1
2025,3,28,1743091200,0,五,,0,1
2025,3,29,1743177600,0,六,,0,0
2025,3,30,1743264000,0,日,,0,0
2025,3,31,1743350400,0,一,,0,1
2025,4,1,1743436800,0,二,,0,1
2025,4,2,1743523200,0,三,,0,1
2025,4,3,1743609600,0,四,,0,1
2025,4,4,1743696000,1,五,,0,0
2025,4,5,1743782400,1,六,,0,0
2025,4,6,1743868800,1,日,,0,0
2025,4,7,1743955200,0,一,,0,1
2025,4,8,1744041600,0,二,,0,1
2025,4,9,1744128000,0,三,,0,1
2025,4,10,1744214400,0,四,,0,1
2025,4,11,1744300800,0,五,,0,1
2025,4,12,1744387200,0,六,,0,0
2025,4,13,1744473600,0,日,,0,0
2025,4,14,1744560000,0,一,,0,1
2025,4,15,1744646400,0,二,,0,1
2025,4,16,1744732800,0,三,,0,1
2025,4,17,1744819200,0,四,,0,1
2025,4,18,1744905600,0,五,,0,1
2025,4,19,1744992000,0,六,,0,0
2025,4,20,1745078400,0,日,,0,0
2025,4,21,1745164800,0,一,,0,1
2025,4,22,1745251200,0,二,,0,1
2025,4,23,1745337600,0,三,,0,1
2025,4,24,1745424000,0,四,,0,1
2025,4,25,1745510400,0,五,,0,1
2025,4,26,1745596800,0,六,,0,0
2025,4,27,1745683200,2,日,,0,0
2025,4,28,1745769600,0,一,,0,1
2025,4,29,1745856000,0,二,,0,1
2025,4,30,1745942400,0,三,,0,1
2025,5,1,1746028800,1,四,,0,0
2025,5,2,1746115200,1,五,,0,0
2025,5,3,1746201600,1,六,,0,0
2025,5,4,1746288000,1,日,,0,0
2025,5,5,1746374400,1,一,,0,0
2025,5,6,1746460800,0,二,,0,1
2025,5,7,1746547200,0,三,,0,1
2025,5,8,1746633600,0,四,,0,1
2025,5,9,1746720000,0,五,,0,1
2025,5,10,1746806400,0,六,,0,0
2025,5,11,1746892800,0,日,,0,0
2025,5,12,1746979200,0,一,,0,1
2025,5,13,1747065600,0,二,,0,1
2025,5,14,1747152000,0,三,,0,1
2025,5,15,1747238400,0,四,,0,1
2025,5,16,1747324800,0,五,,0,1
2025,5,17,1747411200,0,六,,0,0
2025,5,18,1747497600,0,日,,0,0
2025,5,19,1747584000,0,一,,0,1
2025,5,20,1747670400,0,二,,0,1
2025,5,21,1747756800,0,三,,0,1
2025,5,22,1747843200,0,四,,0,1
2025,5,23,1747929600,0,五,,0,1
2025,5,24,1748016000,0,六,,0,0
2025,5,25,1748102400,0,日,,0,0
2025,5,26,1748188800,0,一,,0,1
2025,5,27,1748275200,0,二,,0,1
2025,5,28,1748361600,0,三,,0,1
2025,5,29,1748448000,0,四,,0,1
2025,5,30,1748534400,0,五,,0,1
2025,5,31,1748620800,1,六,,0,0
2025,6,1,1748707200,1,日,,0,0
2025,6,2,1748793600,1,一,,0,0
2025,6,3,1748880000,0,二,,0,1
2025,6,4,1748966400,0,三,,0,1
2025,6,5,1749052800,0,四,,0,1
2025,6,6,1749139200,0,五,,0,1
2025,6,7,1749225600,0,六,,0,0
2025,6,8,1749312000,0,日,,0,0
2025,6,9,1749398400,0,一,,0,1
2025,6,10,1749484800,0,二,,0,1
2025,6,11,1749571200,0,三,,0,1
2025,6,12,1749657600,0,四,,0,1
2025,6,13,1749744000,0,五,,0,1
2025,6,14,1749830400,0,六,,0,0
2025,6,15,1749916800,0,日,,0,0
2025,6,16,1750003200,0,一,,0,1
2025,6,17,1750089600,0,二,,0,1
2025,6,18,1750176000,0,三,,0,1
2025,6,19,1750262400,0,四,,0,1
2025,6,20,1750348800,0,五,,0,1
2025,6,21,1750435200,0,六,,0,0
2025,6,22,1750521600,0,日,,0,0
2025,6,23,1750608000,0,一,,0,1
2025,6,24,1750694400,0,二,,0,1
2025,6,25,1750780800,0,三,,0,1
2025,6,26,1750867200,0,四,,0,1
2025,6,27,1750953600,0,五,,0,1
2025,6,28,1751040000,0,六,,0,0
2025,6,29,1751126400,0,日,,0,0
2025,6,30,1751212800,0,一,,0,1
2025,7,1,1751299200,0,二,,0,1
2025,7,2,1751385600,0,三,,0,1
2025,7,3,1751472000,0,四,,0,1
2025,7,4,1751558400,0,五,,0,1
2025,7,5,1751644800,0,六,,0,0
2025,7,6,1751731200,0,日,,0,0
2025,7,7,1751817600,0,一,,0,1
2025,7,8,1751904000,0,二,,0,1
2025,7,9,1751990400,0,三,,0,1
2025,7,10,1752076800,0,四,,0,1
2025,7,11,1752163200,0,五,,0,1
2025,7,12,1752249600,0,六,,0,0
2025,7,13,1752336000,0,日,,0,0
2025,7,14,1752422400,0,一,,0,1
2025,7,15,1752508800,0,二,,0,1
2025,7,16,1752595200,0,三,,0,1
2025,7,17,1752681600,0,四,,0,1
2025,7,18,1752768000,0,五,,0,1
2025,7,19,1752854400,0,六,,0,0
2025,7,20,1752940800,0,日,,0,0
2025,7,21,1753027200,0,一,,0,1
2025,7,22,1753113600,0,二,,0,1
2025,7,23,1753200000,0,三,,0,1
2025,7,24,1753286400,0,四,,0,1
2025,7,25,1753372800,0,五,,0,1
2025,7,26,1753459200,0,六,,0,0
2025,7,27,1753545600,0,日,,0,0
2025,7,28,1753632000,0,一,,0,1
2025,7,29,1753718400,0,二,,0,1
2025,7,30,1753804800,0,三,,0,1
2025,7,31,1753891200,0,四,,0,1
2025,8,1,1753977600,0,五,,0,1
2025,8,2,1754064000,0,六,,0,0
2025,8,3,1754150400,0,日,,0,0
2025,8,4,1754236800,0,一,,0,1
2025,8,5,1754323200,0,二,,0,1
2025,8,6,1754409600,0,三,,0,1
2025,8,7,1754496000,0,四,,0,1
2025,8,8,1754582400,0,五,,0,1
2025,8,9,1754668800,0,六,,0,0
2025,8,10,1754755200,0,日,,0,0
2025,8,11,1754841600,0,一,,0,1
2025,8,12,1754928000,0,二,,0,1
2025,8,13,1755014400,0,三,,0,1
2025,8,14,1755100800,0,四,,0,1
2025,8,15,1755187200,0,五,,0,1
2025,8,16,1755273600,0,六,,0,0
2025,8,17,1755360000,0,日,,0,0
2025,8,18,1755446400,0,一,,0,1
2025,8,19,1755532800,0,二,,0,1
2025,8,20,1755619200,0,三,,0,1
2025,8,21,1755705600,0,四,,0,1
2025,8,22,1755792000,0,五,,0,1
2025,8,23,1755878400,0,六,,0,0
2025,8,24,1755964800,0,日,,0,0
2025,8,25,1756051200,0,一,,0,1
2025,8,26,1756137600,0,二,,0,1
2025,8,27,1756224000,0,三,,0,1
2025,8,28,1756310400,0,四,,0,1
2025,8,29,1756396800,0,五,,0,1
2025,8,30,1756483200,0,六,,0,0
2025,8,31,1756569600,0,日,,0,0
2025,9,1,1756656000,0,一,,0,1
2025,9,2,1756742400,0,二,,0,1
2025,9,3,1756828800,0,三,,0,1
2025,9,4,1756915200,0,四,,0,1
2025,9,5,1757001600,0,五,,0,1
2025,9,6,1757088000,0,六,,0,0
2025,9,7,1757174400,0,日,,0,0
2025,9,8,1757260800,0,一,,0,1
2025,9,9,1757347200,0,二,,0,1
2025,9,10,1757433600,0,三,,0,1
2025,9,11,1757520000,0,四,,0,1
2025,9,12,1757606400,0,五,,0,1
2025,9,13,1757692800,0,六,,0,0
2025,9,14,1757779200,0,日,,0,0
2025,9,15,1757865600,0,一,,0,1
2025,9,16,1757952000,0,二,,0,1
2025,9,17,1758038400,0,三,,0,1
2025,9,18,1758124800,0,四,,0,1
2025,9,19,1758211200,0,五,,0,1
2025,9,20,1758297600,0,六,,0,0
2025,9,21,1758384000,0,日,,0,0
2025,9,22,1758470400,0,一,,0,1
2025,9,23,1758556800,0,二,,0,1
2025,9,24,1758643200,0,三,,0,1
2025,9,25,1758729600,0,四,,0,1
2025,9,26,1758816000,0,五,,0,1
2025,9,27,1758902400,0,六,,0,0
2025,9,28,1758988800,2,日,,0,0
2025,9,29,1759075200,0,一,,0,1
2025,9,30,1759161600,0,二,,0,1
2025,10,1,1759248000,1,三,,0,0
2025,10,2,1759334400,1,四,,0,0
2025,10,3,1759420800,1,五,,0,0
2025,10,4,1759507200,1,六,,0,0
2025,10,5,1759593600,1,日,,0,0
2025,10,6,1759680000,1,一,,0,0
2025,10,7,1759766400,1,二,,0,0
2025,10,8,1759852800,1,三,,0,0
2025,10,9,1759939200,0,四,,0,1
2025,10,10,1760025600,0,五,,0,1
2025,10,11,1760112000,2,六,,0,0
2025,10,12,1760198400,0,日,,0,0
2025,10,13,1760284800,0,一,,0,1
2025,10,14,1760371200,0,二,,0,1
2025,10,15,1760457600,0,三,,0,1
2025,10,16,1760544000,0,四,,0,1
2025,10,17,1760630400,0,五,,0,1
2025,10,18,1760716800,0,六,,0,0
2025,10,19,1760803200,0,日,,0,0
2025,10,20,1760889600,0,一,,0,1
2025,10,21,1760976000,0,二,,0,1
2025,10,22,1761062400,0,三,,0,1
2025,10,23,1761148800,0,四,,0,1
2025,10,24,1761235200,0,五,,0,1
2025,10,25,1761321600,0,六,,0,0
2025,10,26,1761408000,0,日,,0,0
2025,10,27,1761494400,0,一,,0,1
2025,10,28,1761580800,0,二,,0,1
2025,10,29,1761667200,0,三,,0,1
2025,10,30,1761753600,0,四,,0,1
2025,10,31,1761840000,0,五,,0,1
2025,11,1,1761926400,0,六,,0,0
2025,11,2,1762012800,0,日,,0,0
2025,11,3,1762099200,0,一,,0,1
2025,11,4,1762185600,0,二,,0,1
2025,11,5,1762272000,0,三,,0,1
2025,11,6,1762358400,0,四,,0,1
2025,11,7,1762444800,0,五,,0,1
2025,11,8,1762531200,0,六,,0,0
2025,11,9,1762617600,0,日,,0,0
2025,11,10,1762704000,0,一,,0,1
2025,11,11,1762790400,0,二,,0,1
2025,11,12,1762876800,0,三,,0,1
2025,11,13,1762963200,0,四,,0,1
2025,11,14,1763049600,0,五,,0,1
2025,11,15,1763136000,0,六,,0,0
2025,11,16,1763222400,0,日,,0,0
2025,11,17,1763308800,0,一,,0,1
2025,11,18,1763395200,0,二,,0,1
2025,11,19,1763481600,0,三,,0,1
2025,11,20,1763568000,0,四,,0,1
2025,11,21,1763654400,0,五,,0,1
2025,11,22,1763740800,0,六,,0,0
2025,11,23,1763827200,0,日,,0,0
2025,11,24,1763913600,0,一,,0,1
2025,11,25,1764000000,0,二,,0,1
2025,11,26,1764086400,0,三,,0,1
2025,11,27,1764172800,0,四,,0,1
2025,11,28,1764259200,0,五,,0,1
2025,11,29,1764345600,0,六,,0,0
2025,11,30,1764432000,0,日,,0,0
2025,12,1,1764518400,0,一,,0,1
2025,12,2,1764604800,0,二,,0,1
2025,12,3,1764691200,0,三,,0,1
2025,12,4,1764777600,0,四,,0,1
2025,12,5,1764864000,0,五,,0,1
2025,12,6,1764950400,0,六,,0,0
2025,12,7,1765036800,0,日,,0,0
2025,12,8,1765123200,0,一,,0,1
2025,12,9,1765209600,0,二,,0,1
2025,12,10,1765296000,0,三,,0,1
2025,12,11,1765382400,0,四,,0,1
2025,12,12,1765468800,0,五,,0,1
2025,12,13,1765555200,0,六,,0,0
2025,12,14,1765641600,0,日,,0,0
2025,12,15,1765728000,0,一,,0,1
2025,12,16,1765814400,0,二,,0,1
2025,12,17,1765900800,0,三,,0,1
2025,12,18,1765987200,0,四,,0,1
2025,12,19,1766073600,0,五,,0,1
2025,12,20,1766160000,0,六,,0,0
2025,12,21,1766246400,0,日,,0,0
2025,12,22,1766332800,0,一,,0,1
2025,12,23,1766419200,0,二,,0,1
2025,12,24,1766505600,0,三,,0,1
2025,12,25,1766592000,0,四,,0,1
2025,12,26,1766678400,0,五,,0,1
2025,12,27,1766764800,0,六,,0,0
2025,12,28,1766851200,0,日,,0,0
2025,12,29,1766937600,0,一,,0,1
2025,12,30,1767024000,0,二,,0,1
2025,12,31,1767110400,0,三,,0,1
